{
  "product_name": "ComposeForDataLakes",
  "product_version": "9.9.9.999",
  "created_on": "10/16/2018 11:12:45",
  "objects": [
    {
      "id": 1,
      "path": "/",
      "name": "settings",
      "type": "ACProjectSettings",
      "creation_time": 0,
      "modification_time": 0,
      "inner_item": {
        "$type": "ACProjectSettings",
        "lowest_date": "1780-01-01",
        "highest_date": "9999-12-31",
        "unknown_date": "7777-07-07",
        "unknown_string": "Unknown",
        "map_name_prefix": "Map",
        "stop_after_staging": false,
        "use_datetime2": false,
        "unknown_guid": "00000000-0000-0000-0000-000000000000",
        "unknown_number": "0",
        "unknown_byte": "0",
        "dwh_key_name": "ID",
        "naming_conv": {
          "dwh_prefix": "",
          "hub_suffix": "",
          "sat_suffix": "",
          "lnk_suffix": "_L",
          "dma_prefix": "TDMA_",
          "dwh_view_prefix": "v_",
          "replicate_change_table_suffix": "__ct",
          "error_mart_suffix": "__ex",
          "dma_view_prefix": "VDMA_",
          "ct_archive_suffix": "__ar",
          "current_view_name_suffix": "_current",
          "column_prefix": "header__",
          "from_date_suffix": "from_date",
          "to_date_suffix": "to_date",
          "soft_delete_suffix": "deleted",
          "created_batch_suffix": "created_batch",
          "modified_batch_suffix": "modified_batch",
          "dropped_column_suffix": "__dropped"
        },
        "create_ddl_scripts_only": false,
        "ignore_data_type_check": false,
        "write_tdwm_to_db": false,
        "hide_default_workflows": false,
        "exclude_to_date": true,
        "acid_transactions": false,
        "big_data_project_type": "HISTORICAL_DATASTORE_WITHOUT_ACID",
        "dwh_type": "HADOOPSPARK",
        "rno_ins": "RUNNO_INSERT",
        "rno_upd": "RUNNO_UPDATE",
        "soft_delete": true,
        "hard_delete": false,
        "user_var_list": {
          "usrvarlst": []
        },
        "uuid": "a8cb8a17-b7af-4a37-b686-eafa532aaf10",
        "get_md_via_select_query": false,
        "defaults_base_location": {},
        "name": "settings",
        "version": 636752848120990000,
        "metadata": {
          "creation_time": 636752848120570000,
          "modification_time": 636752848120990000,
          "tags": [],
          "caller_role": "NONE"
        }
      },
      "tags": [],
      "software_version": 3
    },
    {
      "id": 4,
      "path": "/",
      "name": "sparkwooooo",
      "type": "Database",
      "creation_time": 0,
      "modification_time": 0,
      "inner_item": {
        "$type": "DatabaseDto",
        "usage": "DATA_WAREHOUSE",
        "dbms": "Apache Spark",
        "server_name": "ec2-34-254-191-129.eu-west-1.compute.amazonaws.com",
        "database_name": "sparkwooooo",
        "user_name": "hive",
        "included_schemas": "ui_storage",
        "templateDatabaseType": "HADOOPSPARK",
        "original_sourcedb_id": 0,
        "has_source_definition": false,
        "landing_zone": {
          "landing_type": "DATABASE",
          "replicate_task_type": "FULL_LOAD_AND_CDC",
          "associate_with_replicate_task": false,
          "archive_settings": {
            "ct_post_processing": "DO_NOTHING"
          }
        },
        "port": 10000,
        "db_settings": {
          "$type": "SparkDbSettings",
          "data_store": {
            "$type": "DataStoreHdfs",
            "root_location_path": "/tmp/shlomi/sparkooostorage",
            "hive_external_table": false
          },
          "data_store_type": "HDFS",
          "use_buckets": false,
          "number_of_buckets": 0,
          "format": "PARQUET",
          "authentication_type": "USERNAME",
          "ssl_configuration": {
            "use_ssl": false,
            "allow_self_signed_certs": false
          }
        },
        "multibyte_character_multiplier": 1,
        "apply_ddl_changes": false,
        "max_table_cols_single_read": 100,
        "uuid": "709820d3-f70b-4ab3-8ef4-3561a18ff034",
        "use_long_object_names": false,
        "id": 4,
        "name": "sparkwooooo",
        "version": 636752848450820000,
        "metadata": {
          "creation_time": 636752848450820000,
          "modification_time": 636752848450820000,
          "tags": [],
          "caller_role": "NONE"
        }
      },
      "tags": [],
      "software_version": 5
    },
    {
      "id": 5,
      "path": "/",
      "name": "sparkwooorep",
      "type": "Database",
      "creation_time": 0,
      "modification_time": 0,
      "inner_item": {
        "$type": "DatabaseDto",
        "usage": "SOURCE",
        "server_name": "",
        "database_name": "",
        "included_schemas": "*",
        "templateDatabaseType": "HADOOPSPARK",
        "original_sourcedb_id": 0,
        "has_source_definition": false,
        "landing_zone": {
          "landing_type": "DATABASE",
          "db_name": "",
          "schema_name": "ui_landing",
          "replicate_task_type": "FULL_LOAD",
          "replicate_task_name": "New Task 4",
          "associate_with_replicate_task": true,
          "replicate_server_name": "replicate",
          "archive_settings": {
            "$type": "SparkArchiveSettings",
            "archive_format": "ORC",
            "ct_post_processing": "DO_NOTHING"
          },
          "task_uuid": "c8f629f0-84c6-7c4d-80f8-76ca4a68affb"
        },
        "port": 0,
        "db_settings": {
          "$type": "SparkDbSettings",
          "data_store_type": "NONE",
          "use_buckets": false,
          "number_of_buckets": 0,
          "format": "ORC",
          "authentication_type": "USERNAME"
        },
        "multibyte_character_multiplier": 1,
        "apply_ddl_changes": false,
        "max_table_cols_single_read": 100,
        "uuid": "d20e4802-e723-4733-87ed-d802f7a73a0d",
        "use_long_object_names": false,
        "id": 5,
        "name": "sparkwooorep",
        "version": 636752848722220000,
        "metadata": {
          "creation_time": 636752848722220000,
          "modification_time": 636752848722220000,
          "tags": [],
          "caller_role": "NONE"
        }
      },
      "tags": [],
      "software_version": 5
    },
    {
      "id": 6,
      "path": "/",
      "name": "sparkwooorep_Landing",
      "type": "Database",
      "creation_time": 0,
      "modification_time": 0,
      "inner_item": {
        "$type": "DatabaseDto",
        "usage": "SOURCE",
        "dbms": "Apache Spark",
        "server_name": "ec2-34-254-191-129.eu-west-1.compute.amazonaws.com",
        "database_name": "",
        "user_name": "hive",
        "included_schemas": "ui_landing",
        "templateDatabaseType": "SQLSERVER",
        "original_sourcedb_id": 5,
        "has_source_definition": true,
        "port": 10000,
        "db_settings": {
          "$type": "SparkDbSettings",
          "data_store": {
            "$type": "DataStoreHdfs",
            "root_location_path": "/tmp/shlomi/sparkooostorage",
            "hive_external_table": false
          },
          "data_store_type": "HDFS",
          "use_buckets": false,
          "number_of_buckets": 0,
          "format": "PARQUET",
          "authentication_type": "USERNAME",
          "ssl_configuration": {
            "use_ssl": false,
            "allow_self_signed_certs": false
          }
        },
        "multibyte_character_multiplier": 1,
        "apply_ddl_changes": false,
        "max_table_cols_single_read": 100,
        "original_sourcedb_name": "sparkwooorep",
        "uuid": "d20e4802-e723-4733-87ed-d802f7a73a0d",
        "use_long_object_names": false,
        "id": 6,
        "name": "sparkwooorep_Landing",
        "version": 636752848722380000,
        "metadata": {
          "creation_time": 636752848722380000,
          "modification_time": 636752848722380000,
          "tags": [],
          "caller_role": "NONE"
        }
      },
      "tags": [],
      "software_version": 5
    },
    {
      "id": 21,
      "path": "/",
      "name": "VersionControl",
      "type": "VersionControl",
      "creation_time": 0,
      "modification_time": 0,
      "inner_item": {
        "$type": "VersionControlDto",
        "type": "Git",
        "use_remote_server": true,
        "remote_url": "https://github.com/oriporat/testShlomi.git",
        "user_name": "ori.porat@attunity.com",
        "password": "",
        "name": "VersionControl",
        "version": 636752851503480000,
        "metadata": {
          "creation_time": 636752851503480000,
          "modification_time": 636752851503480000,
          "tags": [],
          "caller_role": "NONE"
        }
      },
      "tags": [],
      "software_version": 1
    },
    {
      "id": 8,
      "path": "/",
      "name": "categoryid",
      "type": "DomainAttribute",
      "creation_time": 0,
      "modification_time": 0,
      "inner_item": {
        "$type": "DomainAttributeDto",
        "type": "Integer",
        "length": 0,
        "scale": 0,
        "time_model_entity_id": 0,
        "is_reference_entity": false,
        "save_history": false,
        "id": 8,
        "name": "categoryid",
        "version": 636752848880420000,
        "metadata": {
          "creation_time": 636752848880420000,
          "modification_time": 636752848880420000,
          "tags": [],
          "caller_role": "NONE"
        }
      },
      "tags": [],
      "software_version": 2
    },
    {
      "id": 9,
      "path": "/",
      "name": "categoryname",
      "type": "DomainAttribute",
      "creation_time": 0,
      "modification_time": 0,
      "inner_item": {
        "$type": "DomainAttributeDto",
        "type": "Varchar",
        "length": 15,
        "scale": 0,
        "time_model_entity_id": 0,
        "is_reference_entity": false,
        "save_history": false,
        "id": 9,
        "name": "categoryname",
        "version": 636752848880500000,
        "metadata": {
          "creation_time": 636752848880500000,
          "modification_time": 636752848880500000,
          "tags": [],
          "caller_role": "NONE"
        }
      },
      "tags": [],
      "software_version": 2
    },
    {
      "id": 10,
      "path": "/",
      "name": "description",
      "type": "DomainAttribute",
      "creation_time": 0,
      "modification_time": 0,
      "inner_item": {
        "$type": "DomainAttributeDto",
        "type": "String",
        "length": 0,
        "scale": 0,
        "time_model_entity_id": 0,
        "is_reference_entity": false,
        "save_history": false,
        "id": 10,
        "name": "description",
        "version": 636752848880510000,
        "metadata": {
          "creation_time": 636752848880510000,
          "modification_time": 636752848880510000,
          "tags": [],
          "caller_role": "NONE"
        }
      },
      "tags": [],
      "software_version": 2
    },
    {
      "id": 11,
      "path": "/",
      "name": "picture",
      "type": "DomainAttribute",
      "creation_time": 0,
      "modification_time": 0,
      "inner_item": {
        "$type": "DomainAttributeDto",
        "type": "String",
        "length": 0,
        "scale": 0,
        "time_model_entity_id": 0,
        "is_reference_entity": false,
        "save_history": false,
        "id": 11,
        "name": "picture",
        "version": 636752848880520000,
        "metadata": {
          "creation_time": 636752848880520000,
          "modification_time": 636752848880520000,
          "tags": [],
          "caller_role": "NONE"
        }
      },
      "tags": [],
      "software_version": 2
    },
    {
      "id": 12,
      "path": "/",
      "name": "mycat",
      "type": "DomainAttribute",
      "creation_time": 0,
      "modification_time": 0,
      "inner_item": {
        "$type": "DomainAttributeDto",
        "type": "Varchar",
        "length": 50,
        "scale": 0,
        "time_model_entity_id": 0,
        "is_reference_entity": false,
        "save_history": false,
        "id": 12,
        "name": "mycat",
        "version": 636752848880530000,
        "metadata": {
          "creation_time": 636752848880530000,
          "modification_time": 636752848880530000,
          "tags": [],
          "caller_role": "NONE"
        }
      },
      "tags": [],
      "software_version": 2
    },
    {
      "id": 7,
      "path": "/",
      "name": "categories",
      "type": "Entity",
      "creation_time": 0,
      "modification_time": 0,
      "inner_item": {
        "$type": "EntityDto",
        "time_model_entity_id": 0,
        "is_reference_entity": false,
        "save_history": true,
        "uuid": "dfc38db1-ff9c-4c1c-8979-0c990354aaca",
        "id": 7,
        "name": "categories",
        "version": 636752848880250000,
        "metadata": {
          "creation_time": 636752848880250000,
          "modification_time": 636752848880250000,
          "tags": [],
          "caller_role": "NONE"
        }
      },
      "tags": [],
      "software_version": 2
    },
    {
      "id": 20,
      "path": "/",
      "name": "Default Workflow",
      "type": "FlowDto",
      "creation_time": 0,
      "modification_time": 0,
      "inner_item": {
        "$type": "FlowDto",
        "flow_type": "SIMPLE",
        "lane_sets": [],
        "flow_nodes": {
          "start": {
            "$type": "StartNode",
            "incoming": [],
            "outgoing": [
              {
                "directive": {
                  "target_node_id": "replicate_new_task_4",
                  "target_port_id": "inport"
                },
                "id": "outport"
              }
            ],
            "display_name": "START",
            "id": "start"
          },
          "end": {
            "$type": "EndNode",
            "error_policy": {
              "termination_mode": "STOP_AFTER_RUNNING_ACTIVITIES"
            },
            "incoming": [
              {
                "id": "inport_1"
              }
            ],
            "outgoing": [],
            "display_name": "END",
            "id": "end"
          },
          "replicate_new_task_4": {
            "$type": "ExecutionActivity",
            "executor_input": {
              "$type": "ReplicateTaskExecutorDto",
              "external_task": false,
              "replicate_server_name": "replicate",
              "replicate_task_name": "New Task 4",
              "scope": "sparkwooooo",
              "id": 0,
              "name": "replicate_New Task 4",
              "version": 0
            },
            "timeout_sec": 300,
            "incoming": [
              {
                "id": "inport"
              }
            ],
            "outgoing": [
              {
                "directive": {
                  "target_node_id": "sparkwooorep",
                  "target_port_id": "inport"
                },
                "id": "outport"
              }
            ],
            "display_name": "replicate_New Task 4",
            "id": "replicate_new_task_4"
          },
          "sparkwooorep": {
            "$type": "ExecutionActivity",
            "executor_input": {
              "$type": "EtlCommandExecutionData",
              "project_name": "sparkwooooo",
              "etl_id": 18,
              "apply_schema_evolution": true,
              "id": 0,
              "name": "sparkwooorep",
              "version": 0
            },
            "timeout_sec": 300,
            "incoming": [
              {
                "id": "inport"
              }
            ],
            "outgoing": [
              {
                "directive": {
                  "target_node_id": "end",
                  "target_port_id": "inport_1"
                },
                "id": "outport"
              }
            ],
            "display_name": "sparkwooorep",
            "id": "sparkwooorep"
          }
        },
        "resumable": true,
        "max_instances": 1,
        "is_template": true,
        "name": "Default Workflow",
        "version": 636752848979200000,
        "metadata": {
          "creation_time": 636752848979200000,
          "modification_time": 636752848979200000,
          "tags": [],
          "caller_role": "NONE"
        }
      },
      "tags": [],
      "software_version": 1
    },
    {
      "id": 2,
      "path": "/",
      "name": "sparkwooooo",
      "type": "ExecutionServiceDto",
      "creation_time": 0,
      "modification_time": 0,
      "inner_item": {
        "$type": "ExecutionServiceDto",
        "max_runtime_instances_to_keep": 1000,
        "name": "sparkwooooo",
        "version": 636752848120830000,
        "metadata": {
          "creation_time": 636752848120830000,
          "modification_time": 636752848120830000,
          "tags": [],
          "caller_role": "NONE"
        }
      },
      "tags": [],
      "software_version": 1
    },
    {
      "id": 13,
      "path": "/",
      "name": "74316411-3ea1-40fc-9c69-5adc30755d4a",
      "type": "TableColumn",
      "creation_time": 0,
      "modification_time": 0,
      "inner_item": {
        "$type": "TableColumnDto",
        "poe": 7,
        "pbe": 8,
        "prefix": "",
        "is_primary": true,
        "history_type": "N",
        "block": 0,
        "ordinal": 100,
        "time_model_role_id": 0,
        "id": 13,
        "name": "74316411-3ea1-40fc-9c69-5adc30755d4a",
        "version": 636752848880970000,
        "metadata": {
          "creation_time": 636752848880970000,
          "modification_time": 636752848880970000,
          "tags": [],
          "caller_role": "NONE"
        }
      },
      "tags": [],
      "software_version": 1
    },
    {
      "id": 14,
      "path": "/",
      "name": "c9a6ee66-f5b9-44e0-a2a5-c5087f4851e9",
      "type": "TableColumn",
      "creation_time": 0,
      "modification_time": 0,
      "inner_item": {
        "$type": "TableColumnDto",
        "poe": 7,
        "pbe": 9,
        "prefix": "",
        "is_primary": false,
        "history_type": "N",
        "block": 0,
        "ordinal": 200,
        "time_model_role_id": 0,
        "id": 14,
        "name": "c9a6ee66-f5b9-44e0-a2a5-c5087f4851e9",
        "version": 636752848881500000,
        "metadata": {
          "creation_time": 636752848881500000,
          "modification_time": 636752848881500000,
          "tags": [],
          "caller_role": "NONE"
        }
      },
      "tags": [],
      "software_version": 1
    },
    {
      "id": 15,
      "path": "/",
      "name": "e9ed506b-6d13-4fad-8c78-80cf6b30d1aa",
      "type": "TableColumn",
      "creation_time": 0,
      "modification_time": 0,
      "inner_item": {
        "$type": "TableColumnDto",
        "poe": 7,
        "pbe": 10,
        "prefix": "",
        "is_primary": false,
        "history_type": "N",
        "block": 0,
        "ordinal": 300,
        "time_model_role_id": 0,
        "id": 15,
        "name": "e9ed506b-6d13-4fad-8c78-80cf6b30d1aa",
        "version": 636752848881500000,
        "metadata": {
          "creation_time": 636752848881500000,
          "modification_time": 636752848881500000,
          "tags": [],
          "caller_role": "NONE"
        }
      },
      "tags": [],
      "software_version": 1
    },
    {
      "id": 16,
      "path": "/",
      "name": "ed85a3ee-232f-4ffc-9bd0-d2c1ef99b4b6",
      "type": "TableColumn",
      "creation_time": 0,
      "modification_time": 0,
      "inner_item": {
        "$type": "TableColumnDto",
        "poe": 7,
        "pbe": 11,
        "prefix": "",
        "is_primary": false,
        "history_type": "N",
        "block": 0,
        "ordinal": 400,
        "time_model_role_id": 0,
        "id": 16,
        "name": "ed85a3ee-232f-4ffc-9bd0-d2c1ef99b4b6",
        "version": 636752848881500000,
        "metadata": {
          "creation_time": 636752848881500000,
          "modification_time": 636752848881500000,
          "tags": [],
          "caller_role": "NONE"
        }
      },
      "tags": [],
      "software_version": 1
    },
    {
      "id": 17,
      "path": "/",
      "name": "9fcbb765-2fd7-45d7-b48b-e0ae1c19d57a",
      "type": "TableColumn",
      "creation_time": 0,
      "modification_time": 0,
      "inner_item": {
        "$type": "TableColumnDto",
        "poe": 7,
        "pbe": 12,
        "prefix": "",
        "is_primary": false,
        "history_type": "N",
        "block": 0,
        "ordinal": 500,
        "time_model_role_id": 0,
        "id": 17,
        "name": "9fcbb765-2fd7-45d7-b48b-e0ae1c19d57a",
        "version": 636752848881500000,
        "metadata": {
          "creation_time": 636752848881500000,
          "modification_time": 636752848881500000,
          "tags": [],
          "caller_role": "NONE"
        }
      },
      "tags": [],
      "software_version": 1
    },
    {
      "id": 19,
      "path": "/",
      "name": "Map_categories_sparkwooorep",
      "type": "Mapping",
      "creation_time": 0,
      "modification_time": 0,
      "inner_item": {
        "$type": "MappingDto",
        "entity_id": 7,
        "is_active_mapping_pi": false,
        "schema": "ui_landing",
        "database_id": 6,
        "table_name": "categories",
        "mapping_type": "TABLE",
        "is_aggregated": false,
        "mapping_fields": [
          {
            "mapping_type": "DIRECT",
            "source_col_name": "header__deleted",
            "staging_col_name_int": "header__deleted"
          },
          {
            "mapping_type": "DIRECT",
            "source_col_name": "categoryid",
            "staging_col_name_int": "COLID_13_8"
          },
          {
            "mapping_type": "DIRECT",
            "source_col_name": "categoryname",
            "staging_col_name_int": "COLID_14_9"
          },
          {
            "mapping_type": "DIRECT",
            "source_col_name": "description",
            "staging_col_name_int": "COLID_15_10"
          },
          {
            "mapping_type": "DIRECT",
            "source_col_name": "picture",
            "staging_col_name_int": "COLID_16_11"
          },
          {
            "mapping_type": "DIRECT",
            "source_col_name": "mycat",
            "staging_col_name_int": "COLID_17_12"
          }
        ],
        "mapping_query": "",
        "data_quality_rules": [
          {
            "action": "REJECT_AND_REPORT",
            "type": "EXPRESSION",
            "name": "Business Keys cannot be NULL",
            "enabled": false,
            "order": 0,
            "is_internal": true
          }
        ],
        "cleansing_rules": [],
        "null_behaviour": "USE_ETL_SETTING",
        "id": 19,
        "name": "Map_categories_sparkwooorep",
        "version": 636752848882810000,
        "metadata": {
          "creation_time": 636752848882000000,
          "modification_time": 636752848882810000,
          "tags": [],
          "caller_role": "NONE"
        }
      },
      "tags": [],
      "software_version": 2
    },
    {
      "id": 3,
      "path": "/",
      "name": "Compactor",
      "type": "ETLInfo",
      "creation_time": 0,
      "modification_time": 0,
      "inner_item": {
        "$type": "ETLInfoDto",
        "data": {
          "seqr_processing": false,
          "FULLREBUILD": false,
          "SELOFRUNS": 0,
          "EMPTYRUNNRSTABLE": true,
          "INSERTRUNNRSTABLE": true,
          "MAXCDC_COLUMNS": 10,
          "SPLITRELSANDATTS": false,
          "STOPAFTERSTAGING": false,
          "PARAM_RUNNR": "1",
          "dm_cohorts": [],
          "engine_settings": {
            "thread_connection_settings": {
              "thread_pool_size": 10,
              "thread_pool_max": 18,
              "thread_queue_max": 10000,
              "thread_timeout": 3000
            },
            "database_connection_settings": {
              "db_pool_size": 200,
              "db_reap_interval": 30000,
              "db_lease_timeout": 60000,
              "print_db_leases": false
            },
            "engine_logging_settings": {
              "log_level": "INFO",
              "log_file": "$project-path$\\$task-name$\\$task-name$_Log.log",
              "log_file_timestamp": true,
              "log_console": true,
              "log_stack_trace": false,
              "log_jdbc_driver_output": false,
              "log_mapping_fields": false,
              "log_mapping_values": false,
              "log_sync_provider_output": false,
              "log_prep_statmt_bindings": false,
              "log_dbms_leasing": false,
              "log_table_contents": false,
              "log_sql_monitor_output": false,
              "log_param_substitution": false,
              "log_mop_ids": false,
              "log_java_env": false,
              "log_mopping_state": false,
              "log_table_cache_rows": 20,
              "print_final_log": false,
              "print_dbms_info": false,
              "create_missing_tables": false
            },
            "mopping_thread_settings": {
              "mop_direct_write": false,
              "mop_thread_pool_size": 18,
              "mop_thread_pool_max": 18,
              "mop_thread_queue_max": 2500,
              "mop_thread_timeout": 3000,
              "mop_write_queue_max": 100,
              "mop_no_id_ledelins": true,
              "mop_without_write": false
            },
            "general_settings": {
              "java_mem": "-Xms1024M -Xmx4096M",
              "stt_date": "NOW",
              "up_ddate": "NOW",
              "tgt_os": "MSWL",
              "tgt_sh": "cmd",
              "validate_data_types": false,
              "validate_only": false,
              "fetch_size": 1000,
              "batch_max_rows": 20,
              "nr_of_committed_rows": 10000,
              "parameter_worm": true,
              "instruction_delay": false,
              "memory_reaper": false,
              "ORACLE_DATADIRECT": false,
              "ORACLE_TNSNAMES": "",
              "SQLSERVER_DATADIRECT": false,
              "SQLSERVER_DRIVER_1_1": true,
              "JTDS": false,
              "DB2_DATADIRECT": false,
              "encrypted_password": true,
              "change_processing_by_query": false
            },
            "advanced_settings": {
              "retain_stg_tables": false,
              "retain_imt_tables": false,
              "imt_tables_volatile": false,
              "write_etl_cmnds_to_db": false
            },
            "spark_settings": {
              "properties": {}
            }
          },
          "workflow_position": 1,
          "dwh_full_load": false,
          "dm_enable_table_logging": false,
          "allow_updating_to_null": false,
          "from_date_unmapped_value": "LOWEST",
          "CDC__delay": 0
        },
        "active_mappings": [],
        "entity_action": [],
        "etl_type": "Compactor",
        "active_custom_etls": [],
        "uuid": "b2c6a0eb-d93f-4804-ba93-e853cd101dfa",
        "task_Stage": "DataWarehouse",
        "id": 3,
        "name": "Compactor",
        "version": 636752848447890000,
        "metadata": {
          "creation_time": 636752848447890000,
          "modification_time": 636752848447890000,
          "tags": [],
          "caller_role": "NONE"
        }
      },
      "tags": [],
      "software_version": 2
    },
    {
      "id": 18,
      "path": "/",
      "name": "sparkwooorep",
      "type": "ETLInfo",
      "creation_time": 0,
      "modification_time": 0,
      "inner_item": {
        "$type": "ETLInfoDto",
        "data": {
          "seqr_processing": false,
          "FULLREBUILD": false,
          "SELOFRUNS": 0,
          "EMPTYRUNNRSTABLE": true,
          "INSERTRUNNRSTABLE": true,
          "MAXCDC_COLUMNS": 10,
          "SPLITRELSANDATTS": false,
          "STOPAFTERSTAGING": false,
          "PARAM_RUNNR": "1",
          "dm_cohorts": [],
          "engine_settings": {
            "thread_connection_settings": {
              "thread_pool_size": 10,
              "thread_pool_max": 18,
              "thread_queue_max": 10000,
              "thread_timeout": 3000
            },
            "database_connection_settings": {
              "db_pool_size": 200,
              "db_reap_interval": 30000,
              "db_lease_timeout": 60000,
              "print_db_leases": false
            },
            "engine_logging_settings": {
              "log_level": "INFO",
              "log_file": "$project-path$\\$task-name$\\$task-name$_Log.log",
              "log_file_timestamp": true,
              "log_console": true,
              "log_stack_trace": false,
              "log_jdbc_driver_output": false,
              "log_mapping_fields": false,
              "log_mapping_values": false,
              "log_sync_provider_output": false,
              "log_prep_statmt_bindings": false,
              "log_dbms_leasing": false,
              "log_table_contents": false,
              "log_sql_monitor_output": false,
              "log_param_substitution": false,
              "log_mop_ids": false,
              "log_java_env": false,
              "log_mopping_state": false,
              "log_table_cache_rows": 20,
              "print_final_log": false,
              "print_dbms_info": false,
              "create_missing_tables": false
            },
            "mopping_thread_settings": {
              "mop_direct_write": false,
              "mop_thread_pool_size": 18,
              "mop_thread_pool_max": 18,
              "mop_thread_queue_max": 2500,
              "mop_thread_timeout": 3000,
              "mop_write_queue_max": 100,
              "mop_no_id_ledelins": true,
              "mop_without_write": false
            },
            "general_settings": {
              "java_mem": "-Xms1024M -Xmx4096M",
              "stt_date": "NOW",
              "up_ddate": "NOW",
              "tgt_os": "MSWL",
              "tgt_sh": "cmd",
              "validate_data_types": false,
              "validate_only": false,
              "fetch_size": 1000,
              "batch_max_rows": 20,
              "nr_of_committed_rows": 10000,
              "parameter_worm": true,
              "instruction_delay": false,
              "memory_reaper": false,
              "ORACLE_DATADIRECT": false,
              "ORACLE_TNSNAMES": "",
              "SQLSERVER_DATADIRECT": false,
              "SQLSERVER_DRIVER_1_1": true,
              "JTDS": false,
              "DB2_DATADIRECT": false,
              "encrypted_password": true,
              "change_processing_by_query": false
            },
            "advanced_settings": {
              "retain_stg_tables": false,
              "retain_imt_tables": false,
              "imt_tables_volatile": false,
              "write_etl_cmnds_to_db": false
            },
            "spark_settings": {
              "properties": {}
            }
          },
          "workflow_position": 1,
          "dwh_full_load": true,
          "dm_enable_table_logging": false,
          "allow_updating_to_null": false,
          "from_date_unmapped_value": "LOWEST",
          "CDC__delay": 0
        },
        "active_mappings": [
          19
        ],
        "entity_action": [],
        "etl_type": "DataWarehouse",
        "active_custom_etls": [],
        "uuid": "578955dd-31c3-40a6-8421-19cfc0919456",
        "task_Stage": "DataWarehouse",
        "id": 18,
        "name": "sparkwooorep",
        "version": 636752848964790000,
        "metadata": {
          "creation_time": 636752848881900000,
          "modification_time": 636752848964790000,
          "tags": [],
          "caller_role": "NONE"
        }
      },
      "tags": [],
      "software_version": 2
    }
  ]
}